distribution,mu,sigma,tau,mean,variance,log_likelihood,aic,bic,n_params,ad,position,mean_input,window_start,window_end,a,d,scale,alpha,loc,beta,actual_mean,actual_variance,c,shift
exgaussian,-0.7991156752856293,0.3330523406219052,4.317524627456958,3.5183914668168392,28.71674893331846,-1669.0208581417044,3344.0417162834087,3357.513886886916,3,30.650080011857085,QB,2.0,0.5,3.5,,,,,,,,,,
generalized_gamma,,,,3.2315270118022283,13.657400071234283,-10784.02044288944,21574.04088577888,21593.60623371013,3,489.0620798039199,RB,2.0,0.5,3.5,0.3473311201530316,6.5292092491801,0.010125994407882088,,,,,,,
lognormal,0.9616743499226749,0.9143092216492745,,3.8887473351892745,13.889294179945958,-13771.359902504315,27546.71980500863,27560.122497814707,2,3890.93073241849,WR,2.0,0.5,3.5,,,,,,,,,,
lognormal,0.8268652941586423,0.8419045759439571,,3.276755476718328,9.744557848054269,-12846.665824873733,25697.331649747466,25710.794645335594,2,2693.1346307424683,TE,2.0,0.5,3.5,,,,,,,,,,
skew_normal,,,,4.946015424164524,26.261867156574432,-1167.0556410317008,2340.1112820634016,2352.0020200942567,3,1.0102677806668794,DST,2.0,0.5,3.5,,,7.9641534410666575,3.453029355858681,-1.1503799784076425,,,,,
exgaussian,-0.7987038915098121,0.325741508670738,4.6128134428176395,3.814097817998596,30.318705257828448,-1695.7425397702496,3397.485079540499,3410.934401594871,3,22.459087408484493,QB,2.5,1.0,4.0,,,,,,,,,,
generalized_gamma,,,,3.49900700824809,15.647081187743415,-12802.445531381347,25610.891062762694,25630.856706230636,3,409.93549191589227,RB,2.5,1.0,4.0,0.39399612986092625,5.188939020851736,0.038565726956637805,,,,,,,
generalized_gamma,,,,4.130068589778209,15.172577659846882,-17177.287606887214,34360.57521377443,34381.259635888535,3,3720.5264838870153,WR,2.5,1.0,4.0,0.32623164160829,11.586740753141548,0.0017513400031891144,,,,,,,
lognormal,0.884169508810776,0.8475615188263536,,3.4752921366161194,10.742085915066694,-15002.492209062433,30008.984418124866,30022.696885237154,2,2570.1644863084784,TE,2.5,1.0,4.0,,,,,,,,,,
skew_normal,,,,4.828571428571428,24.504897959183676,-2070.270608836748,4146.541217673496,4160.194458678627,3,2.159857723034179,DST,2.5,1.0,4.0,,,7.558329716092995,3.253919579092382,-0.883104639908247,,,,,
exgaussian,-0.7373957082086744,0.35735244914065073,4.593269458413799,3.855874398029973,28.468958284038926,-1737.0019763118125,3480.003952623625,3493.5213048040096,3,20.164891092679,QB,3.0,1.5,4.5,,,,,,,,,,
generalized_gamma,,,,3.908832830673114,18.2075948364339,-14319.212206632066,28644.424413264132,28664.572545414616,3,351.3718073911232,RB,3.0,1.5,4.5,0.46682474576277255,3.812121041819225,0.16844098442766123,,,,,,,
generalized_gamma,,,,4.42433071434065,16.541592317442547,-20052.26248237821,40110.52496475642,40131.58323066029,3,3161.3643940094044,WR,3.0,1.5,4.5,0.3408868859973886,10.682693277325189,0.003315566440470928,,,,,,,
lognormal,0.9586140229238191,0.8552875161369318,,3.7436575679409585,11.958103763746767,-16215.015249891032,32434.030499782064,32447.82175903634,2,2299.1774340233096,TE,3.0,1.5,4.5,,,,,,,,,,
gamma,,,,7.651162790697676,20.532870304458502,-241.0104364199437,486.0208728398874,490.9295674323944,2,1.059714526312888,K,3.0,1.5,4.5,,,2.6836274258106854,2.8510525407178564,,0.3726299673278657,7.651162790697675,16.18063818280151,,
skew_normal,,,,5.0640794223826715,27.785605018962844,-3344.3445025181554,6694.689005036311,6709.719940638232,3,2.386349246859936,DST,3.0,1.5,4.5,,,8.240069852790722,3.7669141671088617,-1.269367515833774,,,,,
exgaussian,-0.7760776803953824,0.3821454648419844,5.221126723843117,4.445029712526039,33.017111619282886,-1828.141424823386,3662.282849646772,3675.813624668341,3,16.059237763615783,QB,3.5,2.0,5.0,,,,,,,,,,
generalized_gamma,,,,4.280282977703784,20.199679884298828,-15545.044348980155,31096.08869796031,31116.362992177237,3,252.92742294749132,RB,3.5,2.0,5.0,0.5523388885304789,2.867544987248235,0.5099218033737589,,,,,,,
generalized_gamma,,,,4.716192776907398,17.916849303909224,-23163.254406561475,46332.50881312295,46353.9214769297,3,2754.645293181042,WR,3.5,2.0,5.0,0.3771408368531709,8.911749538103805,0.01138621117496887,,,,,,,
lognormal,1.0377638545649515,0.8648836279251608,,4.055909249169105,13.444742984876525,-17211.74227167316,34427.48454334632,34441.31540785518,2,1893.4869671773977,TE,3.5,2.0,5.0,,,,,,,,,,
gamma,,,,7.288557213930348,18.836521728622962,-554.3216104886843,1112.6432209773686,1119.2498307934868,2,1.3331972970995878,K,3.5,2.0,5.0,,,2.584396496555096,2.820216334314693,,0.3869375311926644,7.288557213930348,16.732655132298703,,
skew_normal,,,,5.491773308957953,29.638110261834818,-5003.005000428429,10012.010000856859,10028.219184130128,3,4.145558259542895,DST,3.5,2.0,5.0,,,8.408723894461476,3.541888670372146,-0.9166736105829454,,,,,
exgaussian,-0.7462273030314204,0.39083019741942365,5.5997112036607355,4.8535150933446305,36.17985665357719,-1839.829244622858,3685.658489245716,3699.135208750777,3,13.953746657620968,QB,4.0,2.5,5.5,,,,,,,,,,
generalized_gamma,,,,4.623339424194354,22.064469696940325,-16721.103782295788,33448.207564591576,33468.60292867977,3,205.07187170223733,RB,4.0,2.5,5.5,0.6477472381993366,2.196183919473399,1.1649274887672922,,,,,,,
generalized_gamma,,,,5.0475700699564445,19.5078905423614,-25954.493809030224,51914.98761806045,51936.660347891884,3,2238.9984040622294,WR,4.0,2.5,5.5,0.38733973377696823,8.57730751995112,0.015806651647643465,,,,,,,
lognormal,1.1221368580131241,0.8739668467098586,,4.409548232374715,15.219172397380929,-17576.072096939377,35156.144193878754,35169.9365487233,2,1393.097203140338,TE,4.0,2.5,5.5,,,,,,,,,,
gamma,,,,7.004651162790697,18.9902600472121,-1182.0578527645664,2368.115705529133,2376.243275946508,2,3.29987135831999,K,4.0,2.5,5.5,,,2.7110929018264285,2.58370015947139,,0.3688549364451188,7.004651162790697,17.14881557598702,,
skew_normal,,,,5.796471600688468,31.989126965200363,-7164.639963093714,14335.279926187428,14352.533061541344,3,5.592626227222809,DST,4.0,2.5,5.5,,,8.751336878738762,3.6593253139116353,-0.8816121598498333,,,,,
exgaussian,-0.7638559187088386,0.40296101620214625,6.092265196497615,5.32840435596486,42.3543134345782,-1815.7070553105148,3637.4141106210295,3650.765521887462,3,11.989411428709559,QB,4.5,3.0,6.0,,,,,,,,,,
generalized_gamma,,,,4.994527988995195,24.521148230377577,-17289.06365639724,34584.12731279448,34604.530366295105,3,185.30336475514923,RB,4.5,3.0,6.0,0.7344171852497741,1.7988119000676033,1.996760344562963,,,,,,,
generalized_gamma,,,,5.355970647269241,21.31207564880161,-28153.97315743726,56313.94631487452,56335.793181488385,3,1765.9254419729023,WR,4.5,3.0,6.0,0.4255962363067851,7.209081567669546,0.04228562158643187,,,,,,,
lognormal,1.2034491433287253,0.8781658600543154,,4.78071590011003,17.448548343235014,-16991.153538052335,33986.30707610467,33999.961425647394,2,1066.4914974624153,TE,4.5,3.0,6.0,,,,,,,,,,
gamma,,,,7.313700384122918,19.260377981816035,-2160.850713749631,4325.701427499262,4335.022577798941,2,8.36375289516559,K,4.5,3.0,6.0,,,2.633465546883461,2.7772151387278328,,0.3797277701937041,7.313700384122919,16.591732914071557,,
skew_normal,,,,6.14417568427753,33.01645080045267,-9755.183780701187,19516.367561402374,19534.52540585882,3,7.068361745214133,DST,4.5,3.0,6.0,,,8.869263069588524,3.494660845910855,-0.6120926624248058,,,,,
exgaussian,-0.7090026914762693,0.4062890805723165,6.686174485393362,5.97718113450796,47.01821950540112,-1762.4188972809523,3530.8377945619045,3544.0085165631003,3,9.78640960766188,QB,5.0,3.5,6.5,,,,,,,,,,
generalized_gamma,,,,5.39649318590606,26.919438898505064,-17359.0543305927,34724.1086611854,34744.434846061034,3,132.46987550620815,RB,5.0,3.5,6.5,0.8314941804664673,1.486135374480507,3.1234634958458534,,,,,,,
generalized_gamma,,,,5.690615581039968,23.203561910950103,-29369.605393954913,58745.210787909826,58767.11407211556,3,1439.3728045099488,WR,5.0,3.5,6.5,0.5017043430803114,5.298688013725369,0.17311704030266312,,,,,,,
generalized_gamma,,,,5.257208241915606,19.627768550214878,-16301.675526726342,32609.351053452683,32629.59453927815,3,681.8359319776882,TE,5.0,3.5,6.5,0.3689961153811593,10.05819758293178,0.00814460978720817,,,,,,,
gamma,,,,7.418865435356199,20.590856429264317,-4236.611052035967,8477.222104071934,8487.86976520434,2,16.09557455052027,K,5.0,3.5,6.5,,,2.7754724234697883,2.6730099613389138,,0.3602990220849821,7.4188654353562,17.393812960784178,,
skew_normal,,,,6.357388316151202,34.16191522132643,-12723.30658462338,25452.61316924676,25471.55031103712,3,9.086925975876966,DST,5.0,3.5,6.5,,,9.006201752731613,3.4373132806226208,-0.4945958459971149,,,,,
exgaussian,-0.7008708163257956,0.4170321244890165,7.198075122580243,6.497199917485316,49.344094001466445,-1816.9623438362669,3639.9246876725338,3653.1154766381824,3,8.519396266470608,QB,5.5,4.0,7.0,,,,,,,,,,
gamma,,,,5.879709523510597,30.029365427523363,-17513.908128956704,35031.81625791341,35045.323316586444,2,96.65755061316122,RB,5.5,4.0,7.0,,,5.10728724054275,1.1512392482718012,,0.19579866040464378,5.879709523510598,29.054489737732407,,
generalized_gamma,,,,6.0699381513856165,25.13889638870196,-30139.859080748945,60285.71816149789,60307.63074634023,3,1130.1186837884325,WR,5.5,4.0,7.0,0.5669370987150577,4.317950605476357,0.3994777528631571,,,,,,,
generalized_gamma,,,,5.6626458218416,21.61485307990033,-15811.388788712657,31628.777577425313,31648.842938827867,3,458.29260763672664,TE,5.5,4.0,7.0,0.4227470754593985,7.8204307245268225,0.036180657024390675,,,,,,,
gamma,,,,7.4802839116719255,20.86442087254629,-7105.078116142498,14214.156232284997,14225.83291891611,2,24.477996340654045,K,5.5,4.0,7.0,,,2.789255209951364,2.6818212564358204,,0.3585186455625324,7.480283911671925,17.462545029804257,,
skew_normal,,,,6.59248730964467,34.69261361024505,-15438.053041353836,30882.106082707673,30901.61232136849,3,9.756096448585595,DST,5.5,4.0,7.0,,,9.07572186731138,3.3703085455100696,-0.31227462962070185,,,,,
exgaussian,-0.748073185897138,0.40126728165923603,8.16653670842037,7.418464014745116,56.82348522419106,-1884.5583929182544,3775.116785836509,3788.3025706308554,3,8.1600693542091,QB,6.0,4.5,7.5,,,,,,,,,,
weibull,,,,6.3049857530895785,32.24757336510225,-17812.009508721065,35628.01901744213,35641.51117787685,2,86.40964435270871,RB,6.0,4.5,7.5,,,6.54543572771094,,,,,,1.1049196679038358,
generalized_gamma,,,,6.391692901950432,26.699048332158206,-30729.212422813063,61464.42484562613,61486.34643006614,3,906.0497375820269,WR,6.0,4.5,7.5,0.6018652764594278,4.0055714889608645,0.5628904269717689,,,,,,,
generalized_gamma,,,,6.112195699775285,24.169872027264407,-15368.915251426435,30743.83050285287,30763.72313972033,3,311.8356297709297,TE,6.0,4.5,7.5,0.5511924005364576,4.7317196623703,0.3164631446167312,,,,,,,
gamma,,,,7.465053099530748,20.15361285915443,-11291.919763322756,22587.83952664551,22600.451977077577,2,35.0759409027296,K,6.0,4.5,7.5,,,2.6997279979724835,2.765113042920272,,0.37040768579316424,7.465053099530748,17.08701037628639,,
skew_normal,,,,6.860232067510548,35.6360556423472,-17914.631855073276,35835.26371014655,35855.202052061,3,10.704984394469648,DST,6.0,4.5,7.5,,,9.200174002589812,3.351380500822305,-0.14031786788619743,,,,,
exgaussian,-0.7368442657608802,0.40416690099621877,8.876634639215908,8.139830407298218,59.3055888964727,-1903.204172661479,3812.408345322958,3825.5487129336575,3,7.174070993512942,QB,6.5,5.0,8.0,,,,,,,,,,
weibull,,,,6.70955105581224,34.487865662897654,-17839.17201730176,35682.34403460352,35695.79861866194,2,69.20683403672047,RB,6.5,5.0,8.0,,,7.0170922255461505,,,,,,1.1322338002535792,
generalized_gamma,,,,6.80305387513849,29.491969583674624,-30355.703993941184,60717.40798788237,60739.22765169242,3,690.0836507343265,WR,6.5,5.0,8.0,0.6475035843199441,3.5332082711959822,0.8698934530071676,,,,,,,
generalized_gamma,,,,6.5495220408784744,25.78649907308554,-14617.47078249873,29240.94156499746,29260.615994530697,3,202.99924610485232,TE,6.5,5.0,8.0,0.7195360906767723,3.016741788432915,1.3017441044643419,,,,,,,
gamma,,,,7.666301569916028,20.562595484847712,-15357.662768816892,30719.325537633784,30732.54252833343,2,50.6626412734513,K,6.5,5.0,8.0,,,2.682205402085812,2.8582082356386067,,0.3728275244029976,7.666301569916028,17.06608237857001,,
skew_normal,,,,7.003719877082323,36.77938127815415,-19555.314708981907,39116.62941796381,39136.81809457249,3,11.033917095071956,DST,6.5,5.0,8.0,,,9.367396763988808,3.4378208001620774,-0.13549811667219402,,,,,
skew_normal,,,,8.856624495449596,59.54151262527049,-2074.367785101673,4154.735570203346,4168.091717066657,3,6.834766167640623,QB,7.0,5.5,8.5,,,12.451138032252066,30.177161224780335,-0.9152414804211904,,,,,
weibull,,,,7.166240454465899,36.79167065912341,-17627.22677704705,35258.4535540941,35271.843898091654,2,55.46757549142694,RB,7.0,5.5,8.5,,,7.567705092222871,,,,,,1.1710936857244296,
generalized_gamma,,,,7.277075664504875,32.29915135585554,-29349.80251874189,58705.60503748378,58727.25609156397,3,513.4157598226684,WR,7.0,5.5,8.5,0.746482835004336,2.777361481251755,1.7201368497756602,,,,,,,
gamma,,,,6.897966728367222,27.586795023891714,-13705.152820749307,27414.305641498613,27427.258383892404,2,141.21897828280817,TE,7.0,5.5,8.5,,,3.999264726871425,1.7248087334702185,,0.2500459630193792,6.897966728367222,27.420852741865218,,
gamma,,,,7.7946570397111925,20.57968873871651,-19447.572488819565,38899.14497763913,38912.830764301245,2,61.84624984093989,K,7.0,5.5,8.5,,,2.640230177398418,2.9522642027339256,,0.378754855754797,7.794657039711192,17.131552680212174,,
skew_normal,,,,7.178643803585347,37.92786815293705,-20367.948436337003,40741.896872674006,40762.196055505156,3,11.215073169870266,DST,7.0,5.5,8.5,,,9.542819018673814,3.5574678915419105,-0.110910208619734,,,,,
skew_normal,,,,8.935144719779492,58.731167800157316,-2385.3391058284533,4776.678211656907,4790.43672662147,3,6.9651154767853996,QB,7.5,6.0,9.0,,,12.572911394931147,22.70873046497521,-1.0321429290934865,,,,,
weibull,,,,7.61108148927707,39.212428510513625,-17528.9441305126,35061.8882610252,35075.23152011464,2,47.05868976700185,RB,7.5,6.0,9.0,,,8.095604521055497,,,,,,1.2042240780063613,
generalized_gamma,,,,7.707608154869686,34.68965368560237,-28352.97747369887,56711.95494739774,56733.44877895855,3,395.1338385834242,WR,7.5,6.0,9.0,0.8381203362477867,2.317916384461861,2.702607446160151,,,,,,,
gamma,,,,7.331908910705066,29.709251249738543,-12870.540527927034,25745.08105585407,25757.874268310923,2,92.34053532496091,TE,7.5,6.0,9.0,,,4.052048601744232,1.809432618243768,,0.2467887476891425,7.3319089107050655,28.67991553216344,,
gamma,,,,7.832057172026545,20.601884889740884,-22018.968857683954,44041.93771536791,44055.87068292604,2,66.78982662193175,K,7.5,6.0,9.0,,,2.6304563969890102,2.977451814442399,,0.38016216544956394,7.832057172026544,17.178533338232125,,
skew_normal,,,,7.273049645390071,38.49894485827035,-19751.143410041608,39508.286820083216,39528.4856686561,3,9.796922336230637,DST,7.5,6.0,9.0,,,9.63467502995718,3.5807435652169133,-0.09772750098996441,,,,,
skew_normal,,,,9.49600455677572,58.560410603042584,-2844.7769086882718,5695.5538173765435,5709.810628504969,3,6.434080385397351,QB,8.0,6.5,9.5,,,12.990785560929023,22.63620919522892,-1.0016168709159479,,,,,
weibull,,,,8.010075015727496,40.59940381694558,-17478.404733896765,34960.80946779353,34974.11954830975,2,34.3950252555187,RB,8.0,6.5,9.5,,,8.588635622433564,,,,,,1.2462868953256492,
gamma,,,,8.211802929218285,38.54650384646269,-27812.299190838872,55628.598381677744,55642.85034172446,2,281.5439220131939,WR,8.0,6.5,9.5,,,4.694036641979191,1.7494117655110304,,0.21303625776094506,8.211802929218285,37.71970024201126,,
gamma,,,,7.6211221635441095,32.00494505385018,-11902.991576425764,23809.983152851528,23822.594120886984,2,76.52671535511672,TE,8.0,6.5,9.5,,,4.199505580286705,1.8147665285454404,,0.23812326972351083,7.621122163544109,30.596794321372787,,
gamma,,,,7.963759213759213,20.726548996225716,-22926.550328274665,45857.10065654933,45871.10974746732,2,67.82557842060669,K,8.0,6.5,9.5,,,2.602608697713496,3.0599141625691635,,0.38422986939163895,7.9637592137592135,17.3005293572554,,
skew_normal,,,,7.389408649602824,38.66318879417055,-18042.729919403137,36091.45983880627,36111.38602532666,3,8.799707261330695,DST,8.0,6.5,9.5,,,9.67467785360505,3.640753322816013,-0.02247322181907381,,,,,
skew_normal,,,,10.078669271730229,56.20512355031756,-3272.3218376301384,6550.643675260277,6565.297135216405,3,9.30671209797913,QB,8.5,7.0,10.0,,,13.312735308394394,21.912396641836388,-0.9224165613717257,,,,,
generalized_gamma,,,,8.319143002537848,42.48186654646171,-17168.259638652504,34342.51927730501,34362.39849613418,3,30.19444460145587,RB,8.5,7.0,10.0,1.459733135038369,0.7934753657418175,11.006817596807586,,,,,,,
gamma,,,,8.666428493322824,41.75406521835479,-27255.452483264486,54514.90496652897,54529.08582667958,2,190.5999829293687,WR,8.5,7.0,10.0,,,4.817909159525729,1.7987944991009213,,0.207558915473292,8.666428493322824,39.630710167925834,,
gamma,,,,8.101194601608926,34.810478001115065,-10722.993172583223,21449.986345166446,21462.354256601055,2,54.211013485363765,TE,8.5,7.0,10.0,,,4.296956154367849,1.8853333174866294,,0.23272287732875785,8.101194601608926,32.942660733357286,,
gamma,,,,8.067942460827126,20.88568888137152,-21977.292753475333,43958.585506950665,43972.505672007006,2,63.31420472336504,K,8.5,7.0,10.0,,,2.588725562035097,3.1165692413083006,,0.38629046456892924,8.067942460827126,17.475347860033708,,
skew_normal,,,,7.500920057248006,39.575290504956534,-15629.30561073092,31264.61122146184,31284.096677643458,3,7.170112804686141,DST,8.5,7.0,10.0,,,9.815462324218899,3.7248860309676712,-0.03355390422053159,,,,,
skew_normal,,,,10.599982477296953,53.74078840515818,-3871.124613343706,7748.249226687412,7763.391778351484,3,17.26977014620661,QB,9.0,7.5,10.5,,,13.512996752364156,20.946952368183823,-0.7516766735470937,,,,,
generalized_gamma,,,,8.653354875357115,43.346183966076666,-16427.676386967672,32861.352773935345,32881.070657630255,3,18.122419359696323,RB,9.0,7.5,10.5,1.569269050467558,0.7398525037569259,12.06834957943617,,,,,,,
generalized_gamma,,,,9.111972033499283,42.31699088931419,-26225.13517154767,52456.27034309534,52477.38294331799,3,131.19959463689702,WR,9.0,7.5,10.5,1.2030821089922559,1.3473599681662591,7.458864060210233,,,,,,,
weibull,,,,8.423111328581431,34.377281714617624,-9494.832912778984,18993.665825557968,19005.76786997435,2,32.77856533559043,TE,9.0,7.5,10.5,,,9.329495264383178,,,,,,1.4775045554137773,
gamma,,,,8.260647103085025,21.21561884899338,-18834.39256323171,37672.78512646342,37686.388366405714,2,56.390238488641444,K,9.0,7.5,10.5,,,2.568275654950831,3.2164176330375924,,0.3893663042252934,8.260647103085025,17.59587046161877,,
skew_normal,,,,7.5399296835760925,40.62610526878739,-12748.383002767358,25502.766005534715,25521.634623988586,3,6.287380202239547,DST,9.0,7.5,10.5,,,9.97524900034224,3.950622119746027,-0.13340940455167047,,,,,
skew_normal,,,,10.755229364287324,53.27236501460461,-4501.3993375930795,9008.798675186159,9024.3752213623,3,6.702772825508873,QB,9.5,8.0,11.0,,,11.28656526824745,2.855523112338262,2.1462692894368227,,,,,
generalized_gamma,,,,9.207230263008249,45.863848656485985,-15912.633917287929,31831.267834575858,31850.843318659056,3,15.60668233290744,RB,9.5,8.0,11.0,1.6661158138980787,0.7116812364598467,13.156376699435697,,,,,,,
generalized_gamma,,,,9.51085802048516,43.94321217207262,-25078.86616337691,50163.73232675382,50184.67925645109,3,101.07116964708621,WR,9.5,8.0,11.0,1.29278695308813,1.2390527692575828,8.599007769852443,,,,,,,
weibull,,,,8.834552375847814,37.49714646912379,-8166.618398276896,16337.236796553792,16349.007455032339,2,17.79518659809628,TE,9.5,8.0,11.0,,,9.792206719632247,,,,,,1.4838298939967078,
gamma,,,,8.295338743159087,21.464734967725413,-15048.155080523124,30100.310161046247,30113.460707851234,2,42.17703669066941,K,9.5,8.0,11.0,,,2.5875658164564674,3.205846471769792,,0.38646359974311545,8.295338743159087,17.982788236828842,,
skew_normal,,,,7.681598453109894,41.392658482653104,-9974.022285341744,19954.044570683487,19972.16494467683,3,4.361494420784766,DST,9.5,8.0,11.0,,,10.101322669159886,3.9507992983942204,-0.10582610792024133,,,,,
skew_normal,,,,10.995749367878764,53.12788387453565,-5087.591490227507,10181.182980455014,10197.124640949914,3,6.500755625559123,QB,10.0,8.5,11.5,,,11.041936941707984,2.5533318311134616,2.7013843128015873,,,,,
generalized_gamma,,,,9.683266173235005,46.90561245649076,-15495.647424359531,30997.294848719062,31016.75875971728,3,9.269774441413574,RB,10.0,8.5,11.5,1.785074898945414,0.6801152886107531,14.174807560215907,,,,,,,
weibull,,,,9.969010674398609,46.60748277573603,-24113.372012885044,48230.74402577009,48244.60527870843,2,72.55412603633704,WR,10.0,8.5,11.5,,,11.05330865670512,,,,,,1.4963761714148403,
weibull,,,,9.402666164765034,39.31903986406572,-7041.803941592195,14087.60788318439,14099.052352673809,2,9.106849959536248,TE,10.0,8.5,11.5,,,10.455419687771794,,,,,,1.5356901255587982,
gamma,,,,8.438577586206897,22.066476947738526,-10595.637005850189,21195.274011700378,21207.71266388819,2,29.457345304715545,K,10.0,8.5,11.5,,,2.614952190971951,3.227048515586958,,0.38241616938637424,8.438577586206897,18.306572114670033,,
skew_normal,,,,7.830613145125716,41.08555599811569,-7293.545080602685,14593.09016120537,14610.268799156893,3,3.265015511324691,DST,10.0,8.5,11.5,,,10.016308498749927,3.6982243163733948,0.13376751043374505,,,,,
skew_normal,,,,11.340199272579287,52.9495022443248,-5779.835066087207,11565.670132174415,11581.994093343568,3,5.697488193767867,QB,10.5,9.0,12.0,,,10.711811983214417,2.233453141064598,3.4793336405007356,,,,,
generalized_gamma,,,,10.154392801680913,48.9977520338365,-14812.757185346349,29631.514370692697,29650.811889842444,3,5.2787724730933405,RB,10.5,9.0,12.0,1.7592945209523527,0.7315736620192654,14.140132082292155,,,,,,,
weibull,,,,10.512393261299568,48.09919618725646,-23381.269287842882,46766.538575685765,46780.31719232545,2,52.87081805723665,WR,10.5,9.0,12.0,,,11.701089689918959,,,,,,1.5547812619388393,
weibull,,,,9.624942498505895,40.15164526693853,-5982.969657639583,11969.939315279165,11981.049032321247,2,4.804050546218377,TE,10.5,9.0,12.0,,,10.725271980388253,,,,,,1.562272975187542,
gamma,,,,8.67956469165659,22.966092789890492,-7136.227552266471,14276.455104532943,14288.087938500326,2,20.58461278074128,K,10.5,9.0,12.0,,,2.6459959232710277,3.2802638187464614,,0.3779295316388024,8.67956469165659,18.95536232562152,,
shifted_gamma,,,,8.040876777251185,42.63043809382089,-5425.935557242427,10857.871114484855,10874.138235587816,3,10.346652755916466,DST,10.5,9.0,12.0,,,,2.4316793831569745,,0.21617167524943115,,,,-3.1
skew_normal,,,,11.669797042308224,52.046038968165675,-6516.6951154895905,13039.390230979181,13056.075156215948,3,5.596524674552484,QB,11.0,9.5,12.5,,,9.814759255401183,1.5916353856041017,5.015211026302936,,,,,
generalized_gamma,,,,10.721854028502548,52.1284685452916,-14137.748315153493,28281.496630306985,28300.613826126522,3,4.018430055913996,RB,11.0,9.5,12.5,1.8553724250482526,0.696927421041985,15.341026301534834,,,,,,,
weibull,,,,10.78250588327431,49.05227996250127,-22409.51657755951,44823.03315511902,44836.71749721624,2,33.36305997840918,WR,11.0,9.5,12.5,,,12.024191255906233,,,,,,1.5835087814512236,
weibull,,,,9.973802211937247,42.398748558763636,-5080.817482239268,10165.634964478537,10176.399213210012,2,4.420880000336183,TE,11.0,9.5,12.5,,,11.128804286555877,,,,,,1.5797787046507998,
gamma,,,,8.669193659545142,23.24815692873159,-4179.9273735322595,8363.854747064519,8374.414763570287,2,10.94232222548544,K,11.0,9.5,12.5,,,2.6816977266547046,3.232725886060084,,0.3728981048313205,8.669193659545142,19.255143319491154,,
shifted_gamma,,,,8.54,46.641443478260875,-3758.817916342912,7523.635832685824,7538.757441856473,3,6.303300559968875,DST,11.0,9.5,12.5,,,,2.384504164403598,,0.2033198754404406,,,,-3.1
skew_normal,,,,11.914215486939723,52.307293229856974,-7327.579895158906,14661.159790317812,14678.194769387332,3,5.099760936345319,QB,11.5,10.0,13.0,,,9.838409212824018,1.5938593308318132,5.244350969993423,,,,,
generalized_gamma,,,,11.319848724835813,53.619916604913136,-13513.500917068948,27033.001834137896,27051.954400126757,3,2.7815066500033936,RB,11.5,10.0,13.0,1.9270895113601876,0.7050157907386928,15.987336651994031,,,,,,,
weibull,,,,11.096710924382222,51.90310077133564,-20709.771577947657,41423.54315589531,41437.05305480551,2,27.17111175910577,WR,11.5,10.0,13.0,,,12.380033963394794,,,,,,1.5871796444338786,
weibull,,,,10.319549311195926,44.65950518106278,-4252.175563146429,8508.351126292859,8518.73849792965,2,2.6306679861827433,TE,11.5,10.0,13.0,,,11.50953855873284,,,,,,1.5851870076729637,
gamma,,,,8.82882882882883,23.315709290940116,-2242.513316691359,4489.026633382718,4498.337514083453,2,5.651393996369961,K,11.5,10.0,13.0,,,2.6408609503003606,3.343163080140465,,0.3786643896893792,8.82882882882883,19.36967082913029,,
skew_normal,,,,9.113607990012484,49.92841657042305,-2661.287928638945,5328.57585727789,5342.633440119094,3,1.1602361365706884,DST,11.5,10.0,13.0,,,11.25069286248355,3.9672375415031613,0.3586384571591175,,,,,
skew_normal,,,,12.041134833982046,52.16730442499293,-7879.385070164827,15764.770140329654,15782.02585632889,3,4.360923597808778,QB,12.0,10.5,13.5,,,9.933369199193017,1.6727692091451676,5.2216774503161005,,,,,
generalized_gamma,,,,11.854275171099742,54.86784370384264,-13348.19602021642,26702.39204043284,26721.28467102091,3,2.0250303990023895,RB,12.0,10.5,13.5,2.0098028700100348,0.7025972402520366,16.68480153530122,,,,,,,
weibull,,,,11.524984514569958,54.57232058595932,-19017.808900635922,38039.617801271845,38052.93865599085,2,16.35812236617312,WR,12.0,10.5,13.5,,,12.874910534981778,,,,,,1.6090202033046204,
weibull,,,,10.550534038373787,45.354617649217346,-3540.1162152149745,7084.232430429949,7094.247631657853,2,2.071189273006894,TE,12.0,10.5,13.5,,,11.800477047440614,,,,,,1.6203223188469997,
gamma,,,,8.852459016393443,26.59815228159002,-1074.6906274057815,2153.381254811563,2161.1865214783656,2,2.844383276150438,K,12.0,10.5,13.5,,,3.0046060910685024,2.9462960361786785,,0.33282233001277667,8.852459016393443,21.956373734659145,,
shifted_gamma,,,,9.538738738738738,48.73498579660742,-1833.8571765807385,3673.714353161477,3686.6495575889357,3,3.0475917621522512,DST,12.0,10.5,13.5,,,,2.7254457784744015,,0.21397823113654632,,,,-3.1
skew_normal,,,,12.426157332089964,52.73697489875159,-8578.00540352476,17162.01080704952,17179.515171371684,3,3.9810979267426774,QB,12.5,11.0,14.0,,,9.898255198268437,1.608371826111342,5.7001900850867955,,,,,
generalized_gamma,,,,12.193383631171281,54.753961347850385,-12863.118160543272,25732.236321086544,25751.006921633467,3,1.290863233186883,RB,12.5,11.0,14.0,2.197704578043817,0.6402661028626639,17.921978513337603,,,,,,,
weibull,,,,12.105932866095959,57.85090213266901,-17749.747217451026,35503.49443490205,35516.6540195684,2,8.765228784136525,WR,12.5,11.0,14.0,,,13.540088182396264,,,,,,1.6402502575004203,
gamma,,,,10.837993488611104,50.862528603954914,-2923.233826507063,5850.467653014126,5860.087937914356,2,3.477390586563388,TE,12.5,11.0,14.0,,,4.692983868038196,2.309403525212138,,0.21308404804255787,10.837993488611104,47.62394333667373,,
gamma,,,,9.4,27.52968191808489,-503.94449423089793,1011.8889884617959,1018.1605853358964,2,1.388392451845931,K,12.5,11.0,14.0,,,2.9286895657537118,3.2096266227454757,,0.3414496407176038,9.4,22.616470588235295,,
shifted_gamma,,,,9.59746835443038,49.85062650216312,-1300.6010485564593,2607.2020971129186,2619.11588263229,3,1.5236715538122212,DST,12.5,11.0,14.0,,,,2.8454926511249927,,0.22227753362580158,,,,-3.1
skew_normal,,,,12.78753412644212,51.708619014569315,-9132.99595064616,18271.99190129232,18289.69158726174,3,3.21334182258488,QB,13.0,11.5,14.5,,,9.474151875024372,1.4068225571073132,6.618991875709604,,,,,
generalized_gamma,,,,12.657108639310165,56.88005783832064,-12305.95835705603,24617.91671411206,24636.531549607116,3,1.190520597222985,RB,13.0,11.5,14.5,2.2622095801494373,0.632337766911004,18.63817410482517,,,,,,,
weibull,,,,12.394805741293741,57.697555915460846,-16423.412304492267,32850.824608984534,32863.82388904887,2,5.756541782272507,WR,13.0,11.5,14.5,,,13.889718358286524,,,,,,1.6842346571603324,
weibull,,,,11.399632357071448,53.58721941450665,-2320.888573179828,4645.777146359656,4654.899207691449,2,2.7258544068715764,TE,13.0,11.5,14.5,,,12.748183418814385,,,,,,1.6136663908822135,
gamma,,,,9.105263157894736,27.370938450092964,-224.52373126232416,453.0474625246483,457.708929205221,2,0.7215845160532268,K,13.0,11.5,14.5,,,3.0060568239986494,3.02897240172025,,0.33266170885944946,9.105263157894736,24.462603878116344,,
shifted_gamma,,,,9.41851851851852,48.3544718792867,-888.622905306803,1783.245810613606,1794.0187715551385,3,1.7219979416373121,DST,13.0,11.5,14.5,,,,2.7496619743570117,,0.2179044914328698,,,,-3.1
skew_normal,,,,13.227584112372131,50.438912462710306,-9703.730752910018,19413.461505820036,19431.35501591069,3,2.183680875336904,QB,13.5,12.0,15.0,,,9.360088269439405,1.4135315710713394,7.13066083252901,,,,,
generalized_gamma,,,,13.09536005392487,56.85396977671192,-11767.9606878765,23541.921375753,23560.39176689303,3,1.3820896282509239,RB,13.5,12.0,15.0,2.3795380550295704,0.6201864738220852,19.296559660860133,,,,,,,
weibull,,,,12.6326030529013,59.719932825019065,-14692.819301415728,29389.638602831456,29402.404554530047,2,3.118102349052606,WR,13.5,12.0,15.0,,,14.160835335477715,,,,,,1.6881818718759738,
weibull,,,,12.507708830940892,55.0958484578434,-1875.925240690212,3755.850481380424,3764.5170406367033,2,2.490058052986001,TE,13.5,12.0,15.0,,,14.050550933624907,,,,,,1.743829003686583,
shifted_gamma,,,,9.072847682119205,49.405289241699926,-489.60145557563953,985.2029111512791,994.2348170335679,3,1.211275071022186,DST,13.5,12.0,15.0,,,,1.642701915815532,,0.16010739920229358,,,,-1.1
skew_normal,,,,13.495551571150383,51.559431040976925,-9870.354086684842,19746.708173369683,19764.644134556933,3,1.6231437681012721,QB,14.0,12.5,15.5,,,9.664359938535764,1.5371439711703003,7.027129094002515,,,,,
generalized_gamma,,,,13.328230073673247,57.10774861852091,-11104.645899716379,22215.291799432758,22233.585903701285,3,0.8027402231600718,RB,14.0,12.5,15.5,2.203889608551351,0.7244628399563303,18.159799580842275,,,,,,,
weibull,,,,12.998599553613616,61.96853087621305,-12955.599795898457,25915.199591796914,25927.699264767765,2,2.6887385414470373,WR,14.0,12.5,15.5,,,14.57505312238889,,,,,,1.702152792542296,
weibull,,,,12.73505167417305,51.99105589747736,-1604.824064243563,3213.648128487126,3222.016426269001,2,0.6740540539786934,TE,14.0,12.5,15.5,,,14.362201821487629,,,,,,1.8497517065219018,
skew_normal,,,,8.829268292682928,45.239143367043425,-264.2662278725232,534.5324557450464,541.7526134868391,3,0.5468891331644841,DST,14.0,12.5,15.5,,,10.628274744417492,5.196287557465121,0.6000122211769934,,,,,
skew_normal,,,,14.087047503466819,53.442547311167985,-10065.376949303387,20136.753898606774,20154.729690166332,3,1.652667076927628,QB,14.5,13.0,16.0,,,9.45098786596798,1.305381936429067,8.097151383735907,,,,,
generalized_gamma,,,,13.612202408527107,58.66813142605447,-10194.4961373236,20394.9922746472,20413.01737135814,3,0.7305884182073896,RB,14.5,13.0,16.0,2.1366563724915446,0.773013729072616,17.901818653354987,,,,,,,
weibull,,,,13.354408282729674,62.433311933087694,-11334.600820488677,22673.201640977353,22685.427295934856,2,2.0031156918357738,WR,14.5,13.0,16.0,,,14.997713443379865,,,,,,1.7464744546155841,
weibull,,,,12.781767799942331,51.8725017400813,-1312.568279123093,2629.136558246186,2637.099386668695,2,0.6797182367338905,TE,14.5,13.0,16.0,,,14.40876341406227,,,,,,1.8524717647805187,
exgaussian,11.554321373764104,6.534338708799096,3.172130351350372,14.72644620738226,52.77670339116058,-10493.291475280115,20992.58295056023,21010.687815633737,3,1.1456001812352952,QB,15.0,13.5,16.5,,,,,,,,,,
weibull,,,,13.75463117273098,60.00030503539312,-9040.908836480841,18085.817672961683,18097.586825982875,2,1.5505232655568761,RB,15.0,13.5,16.5,,,15.43867605009697,,,,,,1.817457664184589,
weibull,,,,13.747003572495634,59.75279661257591,-9871.563304341882,19747.126608683764,19759.078425404095,2,2.0265912702743663,WR,15.0,13.5,16.5,,,15.47335601907939,,,,,,1.8431616638430959,
weibull,,,,13.242305424447371,54.77022238893672,-1075.4877412624742,2154.9754825249483,2162.5183647712083,2,0.7413414260487343,TE,15.0,13.5,16.5,,,14.921018873434404,,,,,,1.8606093532272987,
exgaussian,12.05930700792385,6.4957512600526846,3.146029816134776,15.205330224662804,52.11749328827533,-10833.70429247265,21673.4085849453,21691.614733523445,3,0.9701290804855489,QB,15.5,14.0,17.0,,,,,,,,,,
weibull,,,,14.03352152467984,63.12049641368379,-8003.246188856132,16010.492377712264,16022.008190128967,2,0.7688533455261677,RB,15.5,14.0,17.0,,,15.77162344662,,,,,,1.8207996614210264,
weibull,,,,13.670493512299709,58.47102563194035,-8420.84435220716,16845.68870441432,16857.331188581367,2,2.2023908987962386,WR,15.5,14.0,17.0,,,15.40642401552441,,,,,,1.8631570444523948,
weibull,,,,13.633333453663099,50.01256701899462,-862.4852200298799,1728.9704400597598,1736.076359229603,2,1.4075655454018374,TE,15.5,14.0,17.0,,,15.34039585923793,,,,,,1.9882917547998133,
exgaussian,12.516644991327807,6.568006673204817,3.1063625579648395,15.62300353983547,52.79833216784127,-10933.80468984958,21873.60937969916,21891.837060590056,3,0.793985430381781,QB,16.0,14.5,17.5,,,,,,,,,,
weibull,,,,14.261035353870867,65.38858869603067,-6623.103358303182,13250.206716606364,13261.33933863591,2,0.8723720526413672,RB,16.0,14.5,17.5,,,16.054631274620483,,,,,,1.833926110497371,
weibull,,,,13.678632186257982,61.283215705567656,-6794.9392613270575,13593.878522654115,13605.083325325446,2,1.6784507726104039,WR,16.0,14.5,17.5,,,15.408950677685361,,,,,,1.8218755275929703,
weibull,,,,13.497428690890471,49.47847965160578,-698.841431956359,1401.682863912718,1408.377078974153,2,0.9083563571708453,TE,16.0,14.5,17.5,,,15.198101198895486,,,,,,1.9859000954023285,
skew_normal,,,,16.172805881312154,55.33660031802658,-10823.884653812642,21653.769307625284,21671.94523876193,3,0.7836609093787956,QB,16.5,15.0,18.0,,,8.959384629069199,0.9760679892157638,11.179394444020865,,,,,
weibull,,,,14.65227087716714,68.89021710703666,-5461.949131875424,10927.898263750849,10938.629889425269,2,0.5894331920580953,RB,16.5,15.0,18.0,,,16.49663052945391,,,,,,1.8359687073214326,
weibull,,,,13.974145250407867,63.862040206426435,-5409.7665740999555,10823.533148199911,10834.269827572534,2,2.1114018591572403,WR,16.5,15.0,18.0,,,15.738598757439172,,,,,,1.822181250791824,
weibull,,,,13.079363153144053,59.68161289066225,-531.5916359522819,1067.1832719045638,1073.2957635152604,2,1.0289917808637767,TE,16.5,15.0,18.0,,,14.65778352994932,,,,,,1.7288608489203265,
exgaussian,13.878753192228807,6.898728754587666,3.0061434393170505,16.884901701582624,56.640632126140446,-11032.200983970974,22070.401967941947,22088.624981024215,3,0.68835560845082,QB,17.0,15.5,18.5,,,,,,,,,,
weibull,,,,15.518517571085791,73.06107975111658,-4624.606064735641,9253.212129471282,9263.585931512105,2,0.2983877828776258,RB,17.0,15.5,18.5,,,17.47544815081465,,,,,,1.883431454185676,
weibull,,,,14.44423756951133,68.01242064703987,-4179.4134895069255,8362.826979013851,8373.028682831738,2,1.5214599747157536,WR,17.0,15.5,18.5,,,16.26818239918312,,,,,,1.8246751431933366,
generalized_gamma,,,,14.740354104247768,58.93311218530209,-386.28828820641434,778.5765764128287,786.7587398689657,3,1.5813410412821298,TE,17.0,15.5,18.5,3.8814402572825677,0.3621172887421683,24.88464029432985,,,,,,,
exgaussian,13.81923247178263,6.5170352134668885,3.3464540146341193,17.165671165374746,53.67994110806001,-11114.451959410337,22234.903918820673,22253.174206170217,3,0.5173562991044491,QB,17.5,16.0,19.0,,,,,,,,,,
weibull,,,,16.270920110209584,76.35444643751879,-4141.59846760932,8287.19693521864,8297.333279219416,2,0.3301357513328185,RB,17.5,16.0,19.0,,,18.33279302285387,,,,,,1.9340980338078446,
weibull,,,,15.237143003262142,68.35781194225115,-3372.852017190448,6749.704034380896,6759.464802545268,2,1.499081048105836,WR,17.5,16.0,19.0,,,17.17485348389612,,,,,,1.9187600626501824,
weibull,,,,14.636626632188458,56.12890503866875,-284.3234273109172,572.6468546218344,577.4845358374276,2,0.8892671891262296,TE,17.5,16.0,19.0,,,16.391731568093412,,,,,,1.9680841697712053,
exgaussian,13.755241040471933,6.5353450315890225,3.540771127152808,17.296010194175658,55.242906436022416,-10529.368911346395,21064.73782269279,21082.833928635988,3,0.6014151158146888,QB,18.0,16.5,19.5,,,,,,,,,,
weibull,,,,16.979000181128395,80.82590765140299,-3773.4225695777172,7550.8451391554345,7560.777187529647,2,0.5400692465186694,RB,18.0,16.5,19.5,,,19.134972095431678,,,,,,1.9631755314216508,
weibull,,,,15.624894884395363,72.66203601836399,-2650.686916399877,5305.373832799754,5314.640469666315,2,1.0673693776061555,WR,18.0,16.5,19.5,,,17.63936721426182,,,,,,1.9227642715923035,
generalized_gamma,,,,15.067017650395108,72.42478006025081,-199.29880726566904,404.5976145313381,410.7267683348417,3,0.4293352948603584,TE,18.0,16.5,19.5,4.270293801018951,0.2809169628096795,27.853549371971603,,,,,,,
exgaussian,13.673976773310892,6.504910454644624,3.803197964123667,17.477167300697843,56.718153270637686,-9550.18114329784,19106.36228659568,19124.15506271313,3,0.35222480305583304,QB,18.5,17.0,20.0,,,,,,,,,,
weibull,,,,17.825207410413896,83.11791790155715,-3377.4866600623172,6758.9733201246345,6768.667206403805,2,0.43822826196060305,RB,18.5,17.0,20.0,,,20.076626895616943,,,,,,2.027182009395077,
weibull,,,,15.873520289223165,76.40382641155256,-2008.6256371871934,4021.251274374387,4029.946052793699,2,0.43055077302585687,WR,18.5,17.0,20.0,,,17.893974958636555,,,,,,1.8923489776990847,
exgaussian,13.71046976895463,6.438315766292068,4.063997504145541,17.774467190921477,57.80654359283566,-8496.029858150074,16998.059716300148,17015.494421768184,3,0.2458476150700335,QB,19.0,17.5,20.5,,,,,,,,,,
weibull,,,,18.57522142663664,81.12927110600894,-3250.955895305554,6505.911790611108,6515.525449331893,2,1.0726843051970718,RB,19.0,17.5,20.5,,,20.895969275346317,,,,,,2.13338320587511,
weibull,,,,16.4387289687707,77.7115619169043,-1667.4261815314035,3338.852363062807,3347.166321033978,2,0.6100525192394457,WR,19.0,17.5,20.5,,,18.54585876965585,,,,,,1.9482498767477203,
exgaussian,14.00178089763429,6.462189901628127,4.014298345997817,18.016080241887312,57.72182635650714,-7356.258733440957,14718.517466881915,14735.52034515667,3,0.1691620235569644,QB,19.5,18.0,21.0,,,,,,,,,,
weibull,,,,18.63693753461377,83.83297272898602,-3102.3132643641525,6208.626528728305,6218.145039269632,2,0.6660924092612959,RB,19.5,18.0,21.0,,,21.001904086517037,,,,,,2.11973796869855,
weibull,,,,16.573743177442577,78.50130248932969,-1268.7792911802583,2541.5585823605165,2549.319648333318,2,0.561221747737477,WR,19.5,18.0,21.0,,,18.69045373858045,,,,,,1.9496910918398966,
skew_normal,,,,18.097988744331165,59.26000689155621,-6249.039148489406,12504.078296978812,12520.581543351593,3,0.9104587769311365,QB,20.0,18.5,21.5,,,10.234601477250497,1.4682606055204956,11.3535584908047,,,,,
weibull,,,,18.748719448828528,85.8628049315655,-2789.4193689372682,5582.8387378745365,5592.139295971711,2,0.9044413869801247,RB,20.0,18.5,21.5,,,21.126845117528916,,,,,,2.1049716353021557,
weibull,,,,16.248120463600284,71.21893666101519,-930.5741538836317,1865.1483077672633,1872.3153003848267,2,0.40194938353016596,WR,20.0,18.5,21.5,,,18.34523212064697,,,,,,2.0190515678042655,
